{"cameraMode":{"drawMode":0,"name":"Shaded","section":"Shading Mode"},"sceneLighting":true,"audioPlay":false,"sceneViewState":{"m_AlwaysRefresh":false,"showFog":true,"showSkybox":true,"showFlares":true,"showImageEffects":true,"showParticleSystems":true,"showVisualEffectGraphs":true,"m_FxEnabled":true},"in2DMode":false,"pivot":{"x":101.20370483398438,"y":370.7395324707031,"z":46.912445068359378},"rotation":{"x":-0.19551238417625428,"y":-0.017066383734345437,"z":0.0034026247449219229,"w":-0.980550229549408},"size":134.23390197753907,"orthographic":false}